{
  "train_loss": [
    0.48875551474721807,
    0.3714537040183419,
    0.3591098189353943,
    0.35490059382037115,
    0.35458018434675115,
    0.3553733151209982,
    0.34865767547958776,
    0.34710752807165446,
    0.3474826028472499,
    0.3446819390121259,
    0.3491182421383105,
    0.3441404214030818,
    0.34446173749471964,
    0.3487014519540887,
    0.3441985437744542
  ],
  "train_acc": [
    0.9391666666666667,
    0.985,
    0.9941666666666666,
    0.9933333333333333,
    0.995,
    0.9966666666666667,
    0.9991666666666666,
    0.9983333333333333,
    0.9991666666666666,
    0.9991666666666666,
    0.9983333333333333,
    0.9975,
    0.9983333333333333,
    0.9958333333333333,
    1.0
  ],
  "val_f1": [
    0.0,
    0.9864864864864865,
    0.98989898989899,
    0.9932885906040269,
    1.0,
    0.9966555183946488,
    0.9966555183946488,
    1.0,
    0.9932885906040269,
    0.9932885906040269,
    0.9864864864864865,
    1.0,
    0.9966555183946488,
    0.9966555183946488,
    0.9966555183946488
  ]
}