{
  "train_loss": [
    0.0899908417149594,
    0.02177082237444426,
    0.016290150190654554,
    0.006765055029015792,
    0.00602382735202187,
    0.0036481430656031557,
    0.0039268418362266135,
    0.002476030274441368,
    0.0016802674845645303,
    0.0015535982031571237,
    0.001189037373191432,
    0.0014962177527578252,
    0.0009956297121549908,
    0.0009992154021012155,
    0.0014125924361379522
  ],
  "train_acc": [
    0.9816666666666667,
    0.995,
    0.9966666666666667,
    0.9991666666666666,
    0.9983333333333333,
    1.0,
    0.9991666666666666,
    1.0,
    1.0,
    1.0,
    1.0,
    1.0,
    1.0,
    1.0,
    1.0
  ],
  "val_f1": [
    0.0,
    0.9900990099009901,
    1.0,
    0.9966777408637874,
    1.0,
    0.9966555183946488,
    0.9966777408637874,
    0.9966555183946488,
    1.0,
    1.0,
    1.0,
    1.0,
    1.0,
    0.9966555183946488,
    0.9966777408637874
  ]
}