{
  "train_loss": [
    0.043198194697891414,
    0.00935482442084896,
    0.00551927999568809,
    0.008909841613402884,
    0.005194521257898917,
    0.0038929095516275418,
    0.002833584948491893,
    0.0009503097956583492,
    0.001248467402642985,
    0.0011623683722542697,
    0.0008265004519336415,
    0.0005521272733427683,
    0.00042963446206780836,
    0.00041037483453309456,
    0.00023468262799341525
  ],
  "train_acc": [
    0.9766666666666667,
    0.995,
    0.9958333333333333,
    0.9925,
    0.995,
    0.9966666666666667,
    0.9975,
    1.0,
    0.9991666666666666,
    0.9991666666666666,
    1.0,
    1.0,
    1.0,
    1.0,
    1.0
  ],
  "val_f1": [
    0.47715736040609136,
    0.9865771812080537,
    0.9900990099009901,
    0.9933774834437086,
    0.9966555183946488,
    0.9864864864864865,
    0.9932885906040269,
    0.98989898989899,
    0.9932885906040269,
    0.9966555183946488,
    0.98989898989899,
    1.0,
    1.0,
    1.0,
    0.9966555183946488
  ]
}