{
  "train_loss": [
    0.041139832820351184,
    0.006193079618050864,
    0.0033896657037793807,
    0.0024525343446600203,
    0.0032947679359686412,
    0.004265358123168545,
    0.0022123967631303364,
    0.001987025334720353,
    0.0017241970329594455,
    0.001290518067483055,
    0.0007809874322878098,
    0.0005605725493392368,
    0.00039302288649579217,
    0.00028033914981949096,
    0.0003218750961854025
  ],
  "train_acc": [
    0.9658333333333333,
    0.99,
    0.9975,
    0.995,
    0.9933333333333333,
    0.9941666666666666,
    0.995,
    0.9983333333333333,
    0.9983333333333333,
    0.9983333333333333,
    0.9991666666666666,
    0.9991666666666666,
    1.0,
    1.0,
    1.0
  ],
  "val_f1": [
    0.46153846153846156,
    0.9932885906040269,
    0.9966555183946488,
    0.9698996655518395,
    0.9932885906040269,
    0.9933333333333333,
    0.9966555183946488,
    0.9966555183946488,
    0.9966555183946488,
    1.0,
    0.9966555183946488,
    0.9966555183946488,
    1.0,
    1.0,
    0.9966555183946488
  ]
}