{
  "train_loss": [
    0.0176390952455174,
    0.0043756023882643175,
    0.0029214708177421832,
    0.0018976830240142973,
    0.0008605600313258995,
    0.0005744867751338078,
    0.0004930886758589431,
    0.00042214488540163363,
    0.0005848333155307429,
    0.00036511701795174494,
    0.0003003877894738444,
    0.0002231958841500608,
    0.0003863391148594306,
    0.00022314271068592606,
    0.00024707465184435834
  ],
  "train_acc": [
    0.9866666666666667,
    0.9925,
    0.9925,
    0.9966666666666667,
    0.9991666666666666,
    1.0,
    0.9991666666666666,
    1.0,
    1.0,
    1.0,
    1.0,
    1.0,
    0.9991666666666666,
    1.0,
    1.0
  ],
  "val_f1": [
    0.8142292490118577,
    0.9933774834437086,
    1.0,
    0.9966555183946488,
    0.9966555183946488,
    0.9966555183946488,
    0.9966555183946488,
    1.0,
    0.9966555183946488,
    0.9933333333333333,
    0.9966777408637874,
    0.9966555183946488,
    0.9932885906040269,
    0.9966777408637874,
    1.0
  ]
}