{
  "train_loss": [
    0.2021877357834264,
    0.05315979021160226,
    0.02247656911219421,
    0.025360211337867537,
    0.015739482962281295,
    0.009871371237463072,
    0.0077996525031171346,
    0.00863555590867212,
    0.00831036522102199,
    0.0033071062429562994,
    0.0027150459262836528,
    0.0033810368530746353,
    0.002009994849734204,
    0.002233278965209856,
    0.001980253008169759
  ],
  "train_acc": [
    0.9658333333333333,
    0.9966666666666667,
    0.9983333333333333,
    0.9966666666666667,
    0.9975,
    1.0,
    1.0,
    0.9991666666666666,
    0.9991666666666666,
    1.0,
    1.0,
    1.0,
    1.0,
    1.0,
    1.0
  ],
  "val_f1": [
    0.42105263157894735,
    0.9966777408637874,
    1.0,
    1.0,
    0.9966777408637874,
    0.9966777408637874,
    1.0,
    1.0,
    1.0,
    0.9966555183946488,
    1.0,
    1.0,
    1.0,
    0.9966555183946488,
    1.0
  ]
}